ms,st_sones,st_phons,lt_sones,lt_phons
0,0.52,32.2,0.01,7.7
1,0.88,38.5,0.02,9.7
2,1.37,44.1,0.04,12
3,1.78,47.7,0.05,14
4,2.16,50.4,0.08,15.9
5,2.54,52.8,0.1,17.8
6,2.9,54.7,0.13,19.5
7,3.22,56.3,0.16,21.2
8,3.48,57.5,0.19,22.7
9,3.69,58.4,0.23,24.1
10,3.91,59.2,0.26,25.4
11,4.11,60,0.3,26.8
12,4.3,60.7,0.34,28
13,4.5,61.4,0.38,29.1
14,4.71,62,0.43,30.1
15,4.91,62.7,0.47,31.2
16,5.08,63.2,0.52,32.3
17,5.24,63.7,0.57,33.2
18,5.38,64.1,0.61,34.1
19,5.54,64.5,0.66,35
20,5.76,65.1,0.71,35.9
21,5.97,65.7,0.77,36.8
22,6.16,66.1,0.82,37.6
23,6.34,66.6,0.88,38.4
24,6.5,67,0.93,39.1
25,6.63,67.3,0.99,39.9
26,6.76,67.6,1.05,40.6
27,6.93,68,1.11,41.3
28,7.08,68.3,1.17,42
29,7.22,68.6,1.23,42.7
30,7.35,68.9,1.29,43.3
31,7.46,69.1,1.35,43.9
32,7.58,69.3,1.41,44.5
33,7.72,69.6,1.47,45.1
34,7.82,69.8,1.54,45.7
35,7.87,69.9,1.6,46.3
36,7.94,70.1,1.66,46.8
37,7.98,70.1,1.73,47.3
38,8.03,70.2,1.79,47.8
39,8.06,70.3,1.85,48.3
40,8.12,70.4,1.92,48.8
41,8.17,70.5,1.98,49.2
42,8.19,70.5,2.04,49.6
43,8.25,70.6,2.1,50.1
44,8.27,70.7,2.16,50.5
45,8.28,70.7,2.23,50.9
46,8.31,70.8,2.29,51.3
47,8.34,70.8,2.35,51.7
48,8.34,70.8,2.41,52
49,8.32,70.8,2.47,52.4
50,8.31,70.8,2.52,52.7
51,8.29,70.7,2.58,53.1
52,8.27,70.7,2.64,53.4
53,8.23,70.6,2.69,53.7
54,8.19,70.5,2.75,54
55,8.15,70.5,2.8,54.3
56,8.11,70.4,2.86,54.5
57,8.08,70.3,2.91,54.8
58,8.05,70.3,2.96,55
59,8.03,70.2,3.01,55.3
60,8.02,70.2,3.06,55.6
61,8.01,70.2,3.11,55.8
62,7.99,70.1,3.16,56
63,7.98,70.1,3.21,56.3
64,7.97,70.1,3.25,56.5
65,7.96,70.1,3.3,56.7
66,7.95,70.1,3.35,56.9
67,7.94,70.1,3.39,57.1
68,7.94,70,3.44,57.3
69,7.93,70,3.48,57.5
70,7.93,70,3.53,57.7
71,7.98,70.1,3.57,57.9
72,8.08,70.3,3.62,58.1
73,8.18,70.5,3.66,58.2
74,8.24,70.6,3.71,58.4
75,8.27,70.7,3.76,58.6
76,8.31,70.7,3.8,58.8
77,8.33,70.8,3.85,59
78,8.36,70.8,3.89,59.2
79,8.44,71,3.94,59.3
80,8.56,71.2,3.98,59.5
81,8.66,71.4,4.03,59.7
82,8.73,71.5,4.08,59.9
83,8.77,71.6,4.12,60
84,8.79,71.6,4.17,60.2
85,8.81,71.6,4.22,60.4
86,8.87,71.8,4.26,60.5
87,9.05,72.1,4.31,60.7
88,9.27,72.4,4.36,60.9
89,9.46,72.7,4.41,61.1
90,9.59,72.9,4.46,61.2
91,9.67,73.1,4.52,61.4
92,9.71,73.2,4.57,61.6
93,9.77,73.2,4.62,61.8
94,9.87,73.4,4.67,61.9
95,10.11,73.8,4.73,62.1
96,10.38,74.2,4.78,62.3
97,10.58,74.5,4.84,62.5
98,10.71,74.6,4.9,62.7
99,10.81,74.8,4.96,62.8
100,10.87,74.9,5.02,63
101,10.94,75,5.08,63.2
102,11.08,75.2,5.14,63.4
103,11.37,75.6,5.2,63.6
104,11.64,75.9,5.26,63.7
105,11.83,76.1,5.33,63.9
106,11.94,76.3,5.4,64.1
107,12,76.4,5.46,64.3
108,12.02,76.4,5.53,64.5
109,12.06,76.4,5.59,64.7
110,12.19,76.6,5.66,64.8
111,12.47,76.9,5.73,65
112,12.71,77.2,5.8,65.2
113,12.85,77.4,5.87,65.4
114,12.91,77.5,5.94,65.6
115,12.93,77.5,6.01,65.8
116,12.93,77.5,6.08,65.9
117,12.96,77.5,6.15,66.1
118,13.08,77.7,6.22,66.3
119,13.34,78,6.29,66.5
120,13.53,78.2,6.36,66.6
121,13.64,78.3,6.43,66.8
122,13.68,78.3,6.5,67
123,13.67,78.3,6.58,67.2
124,13.66,78.3,6.65,67.3
125,13.65,78.3,6.72,67.5
126,13.76,78.4,6.79,67.6
127,13.95,78.6,6.86,67.8
128,14.08,78.8,6.93,68
129,14.14,78.8,7,68.1
130,14.14,78.8,7.07,68.3
131,14.12,78.8,7.15,68.4
132,14.09,78.8,7.21,68.6
133,14.07,78.8,7.28,68.7
134,14.16,78.8,7.35,68.9
135,14.35,79.1,7.42,69
136,14.49,79.2,7.49,69.2
137,14.54,79.3,7.56,69.3
138,14.53,79.2,7.63,69.4
139,14.5,79.2,7.7,69.6
140,14.46,79.2,7.77,69.7
141,14.43,79.1,7.84,69.9
142,14.49,79.2,7.9,70
143,14.64,79.4,7.97,70.1
144,14.73,79.4,8.04,70.2
145,14.74,79.5,8.1,70.4
146,14.72,79.4,8.17,70.5
147,14.68,79.4,8.24,70.6
148,14.63,79.3,8.3,70.7
149,14.59,79.3,8.36,70.9
150,14.62,79.3,8.42,71
151,14.75,79.5,8.49,71.1
152,14.81,79.5,8.55,71.2
153,14.81,79.5,8.61,71.3
154,14.78,79.5,8.68,71.4
155,14.73,79.4,8.74,71.5
156,14.68,79.4,8.8,71.6
157,14.65,79.4,8.85,71.7
158,14.68,79.4,8.91,71.8
159,14.8,79.5,8.97,71.9
160,14.86,79.6,9.03,72
161,14.86,79.6,9.09,72.1
162,14.83,79.6,9.15,72.2
163,14.79,79.5,9.2,72.3
164,14.74,79.5,9.26,72.4
165,14.7,79.4,9.31,72.5
166,14.7,79.4,9.37,72.6
167,14.8,79.5,9.42,72.7
168,14.85,79.6,9.47,72.8
169,14.84,79.6,9.53,72.9
170,14.81,79.5,9.58,72.9
171,14.76,79.5,9.63,73
172,14.71,79.4,9.68,73.1
173,14.66,79.4,9.73,73.2
174,14.66,79.4,9.78,73.3
175,14.75,79.5,9.83,73.3
176,14.81,79.5,9.88,73.4
177,14.81,79.5,9.93,73.5
178,14.79,79.5,9.98,73.6
179,14.75,79.5,10.03,73.6
180,14.7,79.4,10.07,73.7
181,14.66,79.4,10.12,73.8
182,14.66,79.4,10.17,73.8
183,14.76,79.5,10.21,73.9
184,14.81,79.5,10.26,74
185,14.81,79.5,10.3,74.1
186,14.78,79.5,10.35,74.1
187,14.74,79.5,10.39,74.2
188,14.68,79.4,10.44,74.2
189,14.63,79.3,10.48,74.3
190,14.62,79.3,10.52,74.4
191,14.71,79.4,10.56,74.4
192,14.76,79.5,10.6,74.5
193,14.76,79.5,10.64,74.6
194,14.73,79.4,10.68,74.6
195,14.69,79.4,10.72,74.7
196,14.63,79.3,10.76,74.7
197,14.57,79.3,10.8,74.8
198,14.55,79.3,10.84,74.8
199,14.62,79.3,10.88,74.9
200,14.68,79.4,10.92,74.9
201,14.68,79.4,10.95,75
202,14.65,79.4,10.99,75
203,14.61,79.3,11.03,75.1
204,14.55,79.3,11.06,75.1
205,14.49,79.2,11.1,75.2
206,14.46,79.2,11.13,75.2
207,14.54,79.2,11.16,75.3
208,14.6,79.3,11.2,75.3
209,14.61,79.3,11.23,75.4
210,14.58,79.3,11.27,75.4
211,14.53,79.2,11.3,75.5
212,14.47,79.2,11.33,75.5
213,14.41,79.1,11.36,75.5
214,14.36,79.1,11.39,75.6
215,14.41,79.1,11.42,75.6
216,14.48,79.2,11.45,75.7
217,14.49,79.2,11.48,75.7
218,14.46,79.2,11.51,75.7
219,14.41,79.1,11.54,75.8
220,14.35,79.1,11.57,75.8
221,14.29,79,11.6,75.8
222,14.25,78.9,11.62,75.9
223,14.27,79,11.65,75.9
224,14.35,79.1,11.68,76
225,14.38,79.1,11.7,76
226,14.36,79.1,11.73,76
227,14.31,79,11.76,76.1
228,14.25,79,11.78,76.1
229,14.19,78.9,11.8,76.1
230,14.13,78.8,11.83,76.1
231,14.12,78.8,11.85,76.2
232,14.23,78.9,11.87,76.2
233,14.3,79,11.9,76.2
234,14.29,79,11.92,76.3
235,14.25,78.9,11.95,76.3
236,14.19,78.9,11.97,76.3
237,14.11,78.8,11.99,76.4
238,14.04,78.7,12.01,76.4
239,13.99,78.7,12.03,76.4
240,14.03,78.7,12.05,76.4
241,14.08,78.8,12.07,76.5
242,14.08,78.8,12.09,76.5
243,14.03,78.7,12.11,76.5
244,13.96,78.6,12.13,76.5
245,13.88,78.5,12.15,76.5
246,13.79,78.5,12.16,76.6
247,13.72,78.4,12.18,76.6
248,13.69,78.3,12.19,76.6
249,13.73,78.4,12.21,76.6
250,13.72,78.4,12.22,76.6
251,13.69,78.3,12.24,76.7
252,13.62,78.3,12.25,76.7
253,13.53,78.2,12.26,76.7
254,13.44,78.1,12.28,76.7
255,13.35,78,12.29,76.7
256,13.28,77.9,12.3,76.7
257,13.26,77.9,12.31,76.7
258,13.25,77.9,12.32,76.8
259,13.21,77.8,12.33,76.8
260,13.15,77.7,12.33,76.8
261,13.06,77.6,12.34,76.8
262,12.97,77.5,12.35,76.8
263,12.86,77.4,12.35,76.8
264,12.75,77.3,12.36,76.8
265,12.65,77.2,12.36,76.8
266,12.58,77.1,12.36,76.8
267,12.49,77,12.36,76.8
268,12.38,76.8,12.36,76.8
269,12.27,76.7,12.36,76.8
270,12.15,76.5,12.36,76.8
271,12.03,76.4,12.36,76.8
272,11.92,76.3,12.36,76.8
273,11.82,76.1,12.35,76.8
274,11.69,76,12.35,76.8
275,11.57,75.8,12.35,76.8
276,11.45,75.7,12.34,76.8
277,11.33,75.5,12.34,76.8
278,11.2,75.3,12.33,76.8
279,11.08,75.2,12.33,76.8
280,10.96,75,12.32,76.8
281,10.83,74.8,12.31,76.7
282,10.72,74.7,12.3,76.7
283,10.6,74.5,12.3,76.7
284,10.48,74.3,12.29,76.7
285,10.39,74.2,12.28,76.7
286,10.29,74,12.27,76.7
287,10.19,73.9,12.26,76.7
288,10.08,73.7,12.25,76.7
289,9.99,73.6,12.23,76.7
290,9.89,73.4,12.22,76.6
291,9.78,73.3,12.21,76.6
292,9.69,73.1,12.2,76.6
293,9.61,73,12.18,76.6
294,9.51,72.8,12.17,76.6
295,9.41,72.7,12.16,76.6
296,9.32,72.5,12.14,76.5
297,9.24,72.4,12.13,76.5
298,9.14,72.2,12.11,76.5
299,9.05,72.1,12.1,76.5
300,8.95,71.9,12.08,76.5
301,8.87,71.7,12.07,76.4
302,8.77,71.6,12.05,76.4
303,8.67,71.4,12.03,76.4
304,8.58,71.2,12.02,76.4
305,8.49,71.1,12,76.4
306,8.41,70.9,11.98,76.3
307,8.32,70.8,11.96,76.3
308,8.24,70.6,11.94,76.3
309,8.15,70.5,11.92,76.3
310,8.06,70.3,11.91,76.2
311,7.98,70.1,11.89,76.2
312,7.9,70,11.87,76.2
313,7.81,69.8,11.85,76.2
314,7.73,69.6,11.82,76.1
315,7.65,69.5,11.8,76.1
316,7.57,69.3,11.78,76.1
317,7.49,69.2,11.76,76.1
318,7.43,69,11.74,76
319,7.35,68.9,11.72,76
320,7.29,68.7,11.7,76
321,7.22,68.6,11.67,75.9
322,7.15,68.4,11.65,75.9
323,7.08,68.3,11.63,75.9
324,7.01,68.1,11.6,75.9
325,6.95,68,11.58,75.8
326,6.89,67.9,11.56,75.8
327,6.84,67.8,11.53,75.8
328,6.79,67.6,11.51,75.7
329,6.74,67.5,11.49,75.7
330,6.7,67.4,11.46,75.7
331,6.66,67.4,11.44,75.6
332,6.64,67.3,11.41,75.6
333,6.59,67.2,11.39,75.6
334,6.56,67.1,11.37,75.5
335,6.54,67.1,11.34,75.5
336,6.53,67,11.32,75.5
337,6.5,67,11.29,75.5
338,6.48,66.9,11.27,75.4
339,6.45,66.9,11.25,75.4
340,6.42,66.8,11.22,75.4
341,6.38,66.7,11.2,75.3
342,6.35,66.6,11.17,75.3
343,6.32,66.6,11.15,75.3
344,6.29,66.5,11.12,75.2
345,6.27,66.4,11.1,75.2
346,6.24,66.4,11.08,75.2
347,6.21,66.3,11.05,75.1
348,6.19,66.2,11.03,75.1
349,6.18,66.2,11,75.1
350,6.16,66.2,10.98,75
351,6.13,66.1,10.96,75
352,6.12,66,10.93,75
353,6.1,66,10.91,74.9
354,6.08,65.9,10.88,74.9
355,6.05,65.9,10.86,74.9
356,6.05,65.9,10.83,74.8
357,6.05,65.9,10.81,74.8
358,6.04,65.8,10.79,74.8
359,6.02,65.8,10.76,74.7
360,6.03,65.8,10.74,74.7
361,6.02,65.8,10.72,74.7
362,6,65.7,10.69,74.6
363,5.98,65.7,10.67,74.6
364,5.97,65.7,10.64,74.6
365,5.96,65.6,10.62,74.5
366,5.95,65.6,10.6,74.5
367,5.92,65.5,10.57,74.5
368,5.9,65.5,10.55,74.4
369,5.88,65.4,10.53,74.4
370,5.87,65.4,10.5,74.4
371,5.85,65.4,10.48,74.3
372,5.84,65.3,10.46,74.3
373,5.83,65.3,10.44,74.2
374,5.81,65.3,10.41,74.2
375,5.79,65.2,10.39,74.2
376,5.77,65.1,10.37,74.1
377,5.74,65.1,10.34,74.1
378,5.71,65,10.32,74.1
379,5.67,64.9,10.3,74
380,5.63,64.8,10.27,74
381,5.58,64.6,10.25,74
382,5.54,64.5,10.23,73.9
383,5.5,64.4,10.2,73.9
384,5.45,64.3,10.18,73.9
385,5.42,64.2,10.15,73.8
386,5.38,64.1,10.13,73.8
387,5.34,64,10.11,73.8
388,5.31,63.9,10.08,73.7
389,5.29,63.8,10.06,73.7
390,5.26,63.7,10.03,73.6
391,5.24,63.7,10.01,73.6
392,5.23,63.6,9.99,73.6
393,5.22,63.6,9.96,73.5
394,5.22,63.6,9.94,73.5
395,5.21,63.6,9.92,73.5
396,5.2,63.6,9.89,73.4
397,5.19,63.5,9.87,73.4
398,5.2,63.5,9.85,73.4
399,5.22,63.6,9.82,73.3
400,5.23,63.7,9.8,73.3
401,5.27,63.8,9.78,73.2
402,5.27,63.8,9.75,73.2
403,5.28,63.8,9.73,73.2
404,5.3,63.8,9.71,73.1
405,5.29,63.8,9.69,73.1
406,5.28,63.8,9.67,73.1
407,5.26,63.7,9.64,73
408,5.23,63.7,9.62,73
409,5.2,63.5,9.6,73
410,5.16,63.4,9.58,72.9
411,5.11,63.3,9.55,72.9
412,5.07,63.2,9.53,72.9
413,5.02,63,9.51,72.8
414,4.96,62.8,9.49,72.8
415,4.9,62.7,9.46,72.7
416,4.83,62.4,9.44,72.7
417,4.76,62.2,9.42,72.7
418,4.69,62,9.39,72.6
419,4.62,61.7,9.37,72.6
420,4.54,61.5,9.35,72.6
421,4.47,61.2,9.32,72.5
422,4.39,61,9.3,72.5
423,4.32,60.7,9.27,72.4
424,4.25,60.5,9.25,72.4
425,4.18,60.2,9.22,72.4
426,4.12,60,9.2,72.3
427,4.05,59.8,9.17,72.3
428,3.99,59.5,9.14,72.2
429,3.92,59.3,9.12,72.2
430,3.86,59,9.09,72.1
431,3.79,58.8,9.07,72.1
432,3.72,58.5,9.04,72
433,3.66,58.2,9.01,72
434,3.59,58,8.98,72
435,3.53,57.7,8.96,71.9
436,3.47,57.4,8.93,71.9
437,3.41,57.2,8.9,71.8
438,3.35,56.9,8.87,71.8
439,3.29,56.6,8.85,71.7
440,3.23,56.4,8.82,71.7
441,3.18,56.1,8.79,71.6
442,3.12,55.8,8.76,71.6
443,3.06,55.6,8.73,71.5
444,3.01,55.3,8.7,71.5
445,2.95,55,8.68,71.4
446,2.9,54.8,8.65,71.4
447,2.85,54.5,8.62,71.3
448,2.8,54.2,8.59,71.3
449,2.75,54,8.56,71.2
450,2.7,53.7,8.53,71.2
451,2.66,53.5,8.5,71.1
452,2.61,53.2,8.47,71
453,2.56,52.9,8.44,71
454,2.52,52.7,8.41,70.9
455,2.47,52.4,8.38,70.9
456,2.43,52.2,8.35,70.8
457,2.39,51.9,8.32,70.8
458,2.35,51.7,8.29,70.7
459,2.3,51.4,8.26,70.7
460,2.26,51.1,8.23,70.6
461,2.22,50.9,8.2,70.6
462,2.18,50.6,8.17,70.5
463,2.14,50.3,8.14,70.4
464,2.1,50.1,8.11,70.4
465,2.06,49.8,8.08,70.3
466,2.03,49.6,8.05,70.3
467,1.99,49.3,8.02,70.2
468,1.96,49.1,7.99,70.2
469,1.92,48.8,7.96,70.1
470,1.89,48.6,7.93,70
471,1.85,48.3,7.9,70
472,1.82,48,7.87,69.9
473,1.79,47.8,7.84,69.9
474,1.75,47.5,7.81,69.8
475,1.72,47.3,7.78,69.7
476,1.69,47,7.75,69.7
477,1.66,46.8,7.72,69.6
478,1.63,46.5,7.69,69.6
479,1.6,46.3,7.66,69.5
480,1.57,46,7.63,69.4
481,1.54,45.8,7.6,69.4
482,1.52,45.5,7.57,69.3
483,1.49,45.3,7.54,69.3
484,1.46,45,7.51,69.2
485,1.44,44.8,7.47,69.1
486,1.41,44.6,7.44,69.1
487,1.39,44.3,7.41,69
488,1.36,44.1,7.38,68.9
489,1.34,43.9,7.35,68.9
490,1.32,43.6,7.32,68.8
491,1.29,43.4,7.29,68.7
492,1.27,43.2,7.26,68.7
493,1.25,42.9,7.23,68.6
494,1.23,42.7,7.2,68.6
495,1.21,42.5,7.17,68.5
496,1.19,42.3,7.14,68.4
497,1.17,42,7.11,68.4
498,1.15,41.8,7.08,68.3
499,1.13,41.6,7.05,68.2
500,1.11,41.4,7.02,68.2
501,1.09,41.2,6.99,68.1
502,1.08,41,6.96,68
503,1.06,40.7,6.94,68
504,1.04,40.5,6.91,67.9
505,1.02,40.3,6.88,67.8
506,1.01,40.1,6.85,67.8
507,0.99,39.9,6.82,67.7
508,0.97,39.6,6.79,67.6
509,0.95,39.4,6.76,67.6
510,0.94,39.2,6.73,67.5
511,0.93,39.1,6.7,67.4
512,0.91,38.9,6.67,67.4
513,0.9,38.7,6.64,67.3
514,0.88,38.4,6.61,67.2
515,0.87,38.2,6.59,67.2
516,0.85,38,6.56,67.1
517,0.84,37.8,6.53,67
518,0.82,37.6,6.5,67
519,0.81,37.4,6.47,66.9
520,0.79,37.2,6.44,66.8
521,0.78,37,6.42,66.8
522,0.77,36.8,6.39,66.7
523,0.76,36.6,6.36,66.6
524,0.75,36.4,6.33,66.6
525,0.73,36.2,6.3,66.5
526,0.72,36,6.27,66.4
527,0.71,35.8,6.25,66.4
528,0.7,35.7,6.22,66.3
529,0.69,35.5,6.19,66.2
530,0.68,35.3,6.16,66.2
531,0.68,35.2,6.14,66.1
532,0.67,35.1,6.11,66
533,0.67,35,6.08,66
534,0.66,35,6.05,65.9
535,0.66,34.9,6.03,65.8
536,0.67,35.2,6,65.7
537,0.7,35.6,5.97,65.7
538,0.74,36.3,5.95,65.6
539,0.82,37.6,5.92,65.5
540,0.97,39.6,5.9,65.5
541,1.26,43.1,5.87,65.4
542,1.59,46.1,5.85,65.4
543,1.79,47.8,5.83,65.3
544,1.92,48.8,5.81,65.3
545,2,49.4,5.79,65.2
546,2.06,49.8,5.78,65.2
547,2.11,50.1,5.76,65.1
548,2.16,50.4,5.74,65.1
549,2.2,50.7,5.72,65
550,2.25,51.1,5.7,65
551,2.31,51.5,5.69,64.9
552,2.38,51.9,5.67,64.9
553,2.46,52.4,5.65,64.8
554,2.55,52.9,5.64,64.8
555,2.66,53.5,5.62,64.8
556,2.8,54.2,5.61,64.7
557,2.91,54.8,5.6,64.7
558,3.02,55.3,5.58,64.6
559,3.16,56,5.57,64.6
560,3.31,56.7,5.56,64.6
561,3.49,57.5,5.55,64.6
562,3.69,58.4,5.54,64.5
563,3.89,59.2,5.53,64.5
564,4.12,60,5.53,64.5
565,4.32,60.7,5.52,64.5
566,4.51,61.4,5.51,64.5
567,4.67,61.9,5.51,64.4
568,4.81,62.4,5.51,64.4
569,4.97,62.9,5.5,64.4
570,5.17,63.5,5.5,64.4
571,5.4,64.1,5.5,64.4
572,5.67,64.9,5.5,64.4
573,5.9,65.5,5.51,64.4
574,6.09,66,5.51,64.4
575,6.24,66.3,5.52,64.5
576,6.37,66.7,5.53,64.5
577,6.48,66.9,5.54,64.5
578,6.62,67.2,5.55,64.5
579,6.8,67.7,5.56,64.6
580,7.04,68.2,5.58,64.6
581,7.26,68.7,5.59,64.7
582,7.44,69.1,5.61,64.7
583,7.58,69.3,5.63,64.8
584,7.69,69.6,5.65,64.8
585,7.79,69.8,5.67,64.9
586,7.91,70,5.7,64.9
587,8.07,70.3,5.72,65
588,8.31,70.7,5.75,65.1
589,8.55,71.2,5.77,65.2
590,8.75,71.6,5.8,65.2
591,8.9,71.8,5.83,65.3
592,9.01,72,5.87,65.4
593,9.1,72.2,5.9,65.5
594,9.2,72.3,5.93,65.6
595,9.33,72.5,5.97,65.7
596,9.52,72.8,6,65.7
597,9.79,73.3,6.04,65.8
598,10.01,73.6,6.08,65.9
599,10.18,73.9,6.12,66
600,10.31,74.1,6.16,66.2
601,10.41,74.2,6.2,66.3
602,10.51,74.4,6.25,66.4
603,10.61,74.5,6.29,66.5
604,10.76,74.7,6.34,66.6
605,11,75.1,6.38,66.7
606,11.25,75.4,6.43,66.8
607,11.45,75.7,6.48,66.9
608,11.61,75.9,6.53,67.1
609,11.73,76,6.58,67.2
610,11.81,76.1,6.64,67.3
611,11.88,76.2,6.69,67.4
612,12,76.4,6.74,67.5
613,12.22,76.6,6.8,67.7
614,12.51,77,6.85,67.8
615,12.76,77.3,6.91,67.9
616,12.95,77.5,6.97,68.1
617,13.09,77.7,7.03,68.2
618,13.19,77.8,7.1,68.3
619,13.25,77.9,7.16,68.5
620,13.31,77.9,7.22,68.6
621,13.46,78.1,7.28,68.7
622,13.72,78.4,7.35,68.9
623,13.97,78.7,7.41,69
624,14.17,78.9,7.48,69.1
625,14.29,79,7.55,69.3
626,14.36,79.1,7.62,69.4
627,14.38,79.1,7.68,69.6
628,14.38,79.1,7.75,69.7
629,14.42,79.1,7.82,69.8
630,14.58,79.3,7.88,69.9
631,14.81,79.5,7.95,70.1
632,14.99,79.7,8.02,70.2
633,15.11,79.8,8.1,70.4
634,15.15,79.9,8.17,70.5
635,15.14,79.9,8.24,70.6
636,15.13,79.8,8.3,70.7
637,15.12,79.8,8.37,70.9
638,15.21,79.9,8.44,71
639,15.43,80.1,8.51,71.1
640,15.65,80.3,8.58,71.2
641,15.78,80.5,8.65,71.4
642,15.85,80.5,8.73,71.5
643,15.84,80.5,8.8,71.6
644,15.82,80.5,8.87,71.8
645,15.79,80.5,8.94,71.9
646,15.81,80.5,9.01,72
647,15.96,80.6,9.08,72.1
648,16.22,80.9,9.15,72.2
649,16.42,81,9.22,72.3
650,16.51,81.1,9.29,72.5
651,16.53,81.1,9.36,72.6
652,16.51,81.1,9.44,72.7
653,16.47,81.1,9.51,72.8
654,16.44,81,9.58,72.9
655,16.46,81.1,9.64,73
656,16.65,81.2,9.71,73.2
657,16.89,81.4,9.79,73.3
658,17.03,81.6,9.86,73.4
659,17.06,81.6,9.93,73.5
660,17.04,81.6,10,73.6
661,17,81.5,10.07,73.7
662,16.95,81.5,10.14,73.8
663,16.92,81.5,10.21,73.9
664,17.01,81.5,10.28,74
665,17.26,81.8,10.35,74.1
666,17.49,81.9,10.42,74.2
667,17.58,82,10.49,74.3
668,17.57,82,10.56,74.4
669,17.54,82,10.63,74.5
670,17.48,81.9,10.7,74.6
671,17.44,81.9,10.77,74.7
672,17.43,81.9,10.83,74.8
673,17.59,82,10.9,74.9
674,17.89,82.3,10.97,75
675,18.08,82.4,11.04,75.1
676,18.16,82.5,11.11,75.2
677,18.15,82.5,11.18,75.3
678,18.12,82.5,11.25,75.4
679,18.08,82.4,11.32,75.5
680,18.03,82.4,11.39,75.6
681,18.03,82.4,11.45,75.7
682,18.25,82.6,11.52,75.8
683,18.55,82.8,11.59,75.8
684,18.71,82.9,11.66,75.9
685,18.77,83,11.73,76
686,18.75,82.9,11.8,76.1
687,18.7,82.9,11.87,76.2
688,18.64,82.9,11.94,76.3
689,18.61,82.8,12.01,76.4
690,18.66,82.9,12.07,76.5
691,18.93,83.1,12.14,76.5
692,19.14,83.2,12.21,76.6
693,19.25,83.3,12.28,76.7
694,19.24,83.3,12.35,76.8
695,19.2,83.3,12.42,76.9
696,19.14,83.2,12.49,77
697,19.08,83.2,12.55,77
698,19.04,83.2,12.62,77.1
699,19.16,83.3,12.68,77.2
700,19.49,83.5,12.75,77.3
701,19.66,83.6,12.82,77.4
702,19.7,83.7,12.89,77.4
703,19.67,83.6,12.96,77.5
704,19.61,83.6,13.02,77.6
705,19.53,83.5,13.09,77.7
706,19.44,83.5,13.15,77.7
707,19.42,83.4,13.22,77.8
708,19.63,83.6,13.28,77.9
709,19.93,83.8,13.35,78
710,20.05,83.9,13.41,78
711,20.04,83.9,13.48,78.1
712,19.99,83.9,13.54,78.2
713,19.92,83.8,13.61,78.3
714,19.83,83.7,13.67,78.3
715,19.75,83.7,13.73,78.4
716,19.76,83.7,13.79,78.5
717,20.03,83.9,13.85,78.5
718,20.24,84,13.92,78.6
719,20.28,84.1,13.98,78.7
720,20.25,84,14.04,78.7
721,20.18,84,14.11,78.8
722,20.09,83.9,14.17,78.9
723,19.99,83.9,14.22,78.9
724,19.93,83.8,14.28,79
725,19.99,83.9,14.34,79
726,20.3,84.1,14.4,79.1
727,20.42,84.2,14.46,79.2
728,20.42,84.2,14.52,79.2
729,20.38,84.1,14.58,79.3
730,20.3,84.1,14.63,79.3
731,20.2,84,14.69,79.4
732,20.11,83.9,14.74,79.5
733,20.06,83.9,14.8,79.5
734,20.2,84,14.85,79.6
735,20.48,84.2,14.91,79.6
736,20.55,84.3,14.96,79.7
737,20.53,84.2,15.02,79.7
738,20.46,84.2,15.07,79.8
739,20.37,84.1,15.13,79.8
740,20.26,84.1,15.18,79.9
741,20.16,84,15.23,79.9
742,20.14,84,15.28,80
743,20.4,84.2,15.33,80
744,20.62,84.3,15.38,80.1
745,20.66,84.3,15.43,80.1
746,20.63,84.3,15.49,80.2
747,20.55,84.3,15.54,80.2
748,20.45,84.2,15.59,80.3
749,20.34,84.1,15.63,80.3
750,20.26,84.1,15.68,80.4
751,20.3,84.1,15.73,80.4
752,20.61,84.3,15.77,80.5
753,20.73,84.4,15.82,80.5
754,20.73,84.4,15.87,80.5
755,20.68,84.4,15.92,80.6
756,20.59,84.3,15.97,80.6
757,20.48,84.2,16.01,80.7
758,20.37,84.1,16.06,80.7
759,20.31,84.1,16.1,80.7
760,20.42,84.2,16.14,80.8
761,20.7,84.4,16.19,80.8
762,20.76,84.4,16.23,80.9
763,20.74,84.4,16.28,80.9
764,20.67,84.3,16.32,80.9
765,20.57,84.3,16.36,81
766,20.46,84.2,16.41,81
767,20.36,84.1,16.45,81.1
768,20.33,84.1,16.48,81.1
769,20.57,84.3,16.52,81.1
770,20.78,84.4,16.57,81.2
771,20.8,84.4,16.61,81.2
772,20.77,84.4,16.65,81.2
773,20.69,84.4,16.69,81.3
774,20.59,84.3,16.73,81.3
775,20.47,84.2,16.77,81.3
776,20.39,84.2,16.8,81.4
777,20.41,84.2,16.84,81.4
778,20.69,84.4,16.88,81.4
779,20.79,84.4,16.92,81.5
780,20.78,84.4,16.96,81.5
781,20.72,84.4,16.99,81.5
782,20.63,84.3,17.03,81.6
783,20.53,84.2,17.07,81.6
784,20.43,84.2,17.1,81.6
785,20.37,84.1,17.13,81.6
786,20.49,84.2,17.17,81.7
787,20.73,84.4,17.2,81.7
788,20.75,84.4,17.24,81.7
789,20.71,84.4,17.27,81.8
790,20.63,84.3,17.3,81.8
791,20.53,84.2,17.34,81.8
792,20.41,84.2,17.37,81.8
793,20.32,84.1,17.4,81.9
794,20.31,84.1,17.43,81.9
795,20.56,84.3,17.46,81.9
796,20.67,84.3,17.49,81.9
797,20.64,84.3,17.52,82
798,20.57,84.3,17.55,82
799,20.47,84.2,17.58,82
800,20.36,84.1,17.61,82
801,20.25,84.1,17.64,82.1
802,20.18,84,17.66,82.1
803,20.26,84.1,17.69,82.1
804,20.47,84.2,17.71,82.1
805,20.48,84.2,17.74,82.1
806,20.43,84.2,17.77,82.2
807,20.33,84.1,17.79,82.2
808,20.22,84,17.82,82.2
809,20.08,83.9,17.84,82.2
810,19.97,83.8,17.86,82.2
811,19.94,83.8,17.88,82.3
812,20.07,83.9,17.91,82.3
813,20.15,84,17.93,82.3
814,20.11,84,17.95,82.3
815,20.03,83.9,17.97,82.3
816,19.92,83.8,17.99,82.3
817,19.78,83.7,18.01,82.4
818,19.63,83.6,18.02,82.4
819,19.55,83.5,18.04,82.4
820,19.58,83.6,18.05,82.4
821,19.71,83.7,18.07,82.4
822,19.71,83.7,18.09,82.4
823,19.65,83.6,18.1,82.4
824,19.55,83.5,18.12,82.4
825,19.43,83.5,18.13,82.5
826,19.29,83.4,18.14,82.5
827,19.17,83.3,18.15,82.5
828,19.1,83.2,18.16,82.5
829,19.12,83.2,18.17,82.5
830,19.12,83.2,18.18,82.5
831,19.08,83.2,18.19,82.5
832,18.99,83.1,18.2,82.5
833,18.88,83,18.21,82.5
834,18.74,82.9,18.21,82.5
835,18.59,82.8,18.21,82.5
836,18.47,82.7,18.22,82.5
837,18.41,82.7,18.22,82.5
838,18.39,82.7,18.22,82.5
839,18.34,82.6,18.22,82.5
840,18.26,82.6,18.22,82.5
841,18.16,82.5,18.22,82.5
842,18.03,82.4,18.22,82.5
843,17.87,82.3,18.22,82.5
844,17.72,82.1,18.22,82.5
845,17.59,82,18.21,82.5
846,17.51,82,18.21,82.5
847,17.44,81.9,18.21,82.5
848,17.34,81.8,18.2,82.5
849,17.21,81.7,18.2,82.5
850,17.08,81.6,18.19,82.5
851,16.94,81.5,18.19,82.5
852,16.78,81.3,18.18,82.5
853,16.62,81.2,18.17,82.5
854,16.48,81.1,18.16,82.5
855,16.35,81,18.15,82.5
856,16.23,80.9,18.14,82.5
857,16.08,80.7,18.13,82.5
858,15.93,80.6,18.12,82.5
859,15.76,80.4,18.11,82.4
860,15.59,80.3,18.1,82.4
861,15.42,80.1,18.08,82.4
862,15.27,80,18.07,82.4
863,15.12,79.8,18.06,82.4
864,14.97,79.7,18.04,82.4
865,14.82,79.5,18.02,82.4
866,14.67,79.4,18.01,82.4
867,14.51,79.2,17.99,82.3
868,14.35,79.1,17.97,82.3
869,14.19,78.9,17.95,82.3
870,14.05,78.7,17.93,82.3
871,13.93,78.6,17.91,82.3
872,13.8,78.5,17.89,82.3
873,13.67,78.3,17.87,82.3
874,13.52,78.2,17.85,82.2
875,13.38,78,17.83,82.2
876,13.23,77.8,17.8,82.2
877,13.09,77.7,17.78,82.2
878,12.96,77.5,17.76,82.2
879,12.85,77.4,17.73,82.1
880,12.75,77.3,17.71,82.1
881,12.65,77.2,17.68,82.1
882,12.55,77,17.66,82.1
883,12.44,76.9,17.63,82.1
884,12.32,76.8,17.6,82
885,12.23,76.7,17.58,82
886,12.15,76.6,17.55,82
887,12.08,76.5,17.52,82
888,12.03,76.4,17.49,81.9
889,11.99,76.4,17.47,81.9
890,11.96,76.3,17.44,81.9
891,11.94,76.3,17.41,81.9
892,11.93,76.3,17.38,81.9
893,11.88,76.2,17.36,81.8
894,11.85,76.2,17.33,81.8
895,11.83,76.2,17.3,81.8
896,11.78,76.1,17.27,81.8
897,11.77,76.1,17.25,81.7
898,11.74,76,17.22,81.7
899,11.71,76,17.19,81.7
900,11.69,76,17.16,81.7
901,11.75,76,17.14,81.6
902,11.84,76.2,17.11,81.6
903,11.89,76.2,17.08,81.6
904,11.88,76.2,17.06,81.6
905,11.85,76.2,17.03,81.6
906,11.84,76.2,17.01,81.5
907,11.86,76.2,16.98,81.5
908,11.86,76.2,16.96,81.5
909,11.85,76.2,16.93,81.5
910,11.84,76.2,16.9,81.5
911,11.82,76.1,16.88,81.4
912,11.84,76.2,16.85,81.4
913,11.94,76.3,16.83,81.4
914,12,76.4,16.81,81.4
915,12,76.4,16.78,81.3
916,12.01,76.4,16.76,81.3
917,12.02,76.4,16.73,81.3
918,12.05,76.4,16.71,81.3
919,12.07,76.5,16.69,81.3
920,12.1,76.5,16.66,81.2
921,12.14,76.5,16.64,81.2
922,12.14,76.5,16.62,81.2
923,12.14,76.5,16.6,81.2
924,12.11,76.5,16.57,81.2
925,12.1,76.5,16.55,81.1
926,12.15,76.6,16.53,81.1
927,12.18,76.6,16.51,81.1
928,12.25,76.7,16.49,81.1
929,12.22,76.6,16.47,81.1
930,12.2,76.6,16.44,81.1
931,12.18,76.6,16.42,81
932,12.17,76.6,16.4,81
933,12.17,76.6,16.38,81
934,12.2,76.6,16.36,81
935,12.27,76.7,16.34,81
936,12.34,76.8,16.32,80.9
937,12.41,76.9,16.3,80.9
938,12.51,77,16.28,80.9
939,12.65,77.2,16.26,80.9
940,12.77,77.3,16.24,80.9
941,12.85,77.4,16.23,80.9
942,12.86,77.4,16.21,80.8
943,12.84,77.4,16.19,80.8
944,12.82,77.4,16.18,80.8
945,12.79,77.3,16.16,80.8
946,12.79,77.3,16.14,80.8
947,12.83,77.4,16.13,80.8
948,12.85,77.4,16.11,80.8
949,12.89,77.4,16.09,80.7
950,12.94,77.5,16.08,80.7
951,12.97,77.5,16.06,80.7
952,13.1,77.7,16.05,80.7
953,13.09,77.7,16.03,80.7
954,13.09,77.7,16.02,80.7
955,13.07,77.6,16,80.7
956,13.05,77.6,15.99,80.6
957,13.04,77.6,15.97,80.6
958,13.07,77.7,15.96,80.6
959,13.19,77.8,15.95,80.6
960,13.3,77.9,15.93,80.6
961,13.45,78.1,15.92,80.6
962,13.45,78.1,15.91,80.6
963,13.52,78.2,15.9,80.6
964,13.57,78.2,15.88,80.6
965,13.6,78.2,15.87,80.5
966,13.61,78.3,15.86,80.5
967,13.68,78.3,15.85,80.5
968,13.71,78.4,15.84,80.5
969,13.76,78.4,15.83,80.5
970,13.74,78.4,15.82,80.5
971,13.71,78.4,15.81,80.5
972,13.68,78.3,15.8,80.5
973,13.67,78.3,15.79,80.5
974,13.73,78.4,15.78,80.5
975,13.74,78.4,15.77,80.4
976,13.77,78.4,15.76,80.4
977,13.76,78.4,15.75,80.4
978,13.74,78.4,15.74,80.4
979,13.71,78.4,15.73,80.4
980,13.7,78.4,15.72,80.4
981,13.73,78.4,15.71,80.4
982,13.72,78.4,15.7,80.4
983,13.72,78.4,15.69,80.4
984,13.71,78.4,15.68,80.4
985,13.69,78.3,15.67,80.4
986,13.68,78.3,15.66,80.3
987,13.7,78.4,15.65,80.3
988,13.7,78.4,15.64,80.3
989,13.68,78.3,15.63,80.3
990,13.67,78.3,15.62,80.3
991,13.67,78.3,15.61,80.3
992,13.63,78.3,15.6,80.3
993,13.6,78.2,15.59,80.3
994,13.56,78.2,15.58,80.3
995,13.54,78.2,15.57,80.3
996,13.5,78.1,15.56,80.3
997,13.47,78.1,15.55,80.2
998,13.47,78.1,15.54,80.2
999,13.44,78.1,15.53,80.2
1000,13.41,78,15.52,80.2
1001,13.39,78,15.51,80.2
1002,13.39,78,15.49,80.2
1003,13.4,78,15.48,80.2
1004,13.39,78,15.47,80.2
1005,13.39,78,15.46,80.2
1006,13.38,78,15.45,80.2
1007,13.37,78,15.44,80.1
1008,13.36,78,15.43,80.1
1009,13.36,78,15.42,80.1
1010,13.32,77.9,15.41,80.1
1011,13.29,77.9,15.4,80.1
1012,13.3,77.9,15.39,80.1
1013,13.33,77.9,15.38,80.1
1014,13.29,77.9,15.37,80.1
1015,13.24,77.8,15.36,80.1
1016,13.19,77.8,15.35,80.1
1017,13.15,77.7,15.34,80
1018,13.13,77.7,15.33,80
1019,13.11,77.7,15.31,80
1020,13.09,77.7,15.3,80
1021,13.06,77.6,15.29,80
1022,13.05,77.6,15.28,80
1023,13.07,77.6,15.27,80
1024,13.13,77.7,15.26,80
1025,13.13,77.7,15.25,80
1026,13.11,77.7,15.24,80
1027,13.13,77.7,15.23,79.9
1028,13.15,77.7,15.22,79.9
1029,13.19,77.8,15.21,79.9
1030,13.18,77.8,15.2,79.9
1031,13.13,77.7,15.19,79.9
1032,13.11,77.7,15.18,79.9
1033,13.09,77.7,15.17,79.9
1034,13.09,77.7,15.16,79.9
1035,13.08,77.7,15.15,79.9
1036,13.09,77.7,15.13,79.9
1037,13.12,77.7,15.12,79.8
1038,13.15,77.7,15.11,79.8
1039,13.14,77.7,15.1,79.8
1040,13.14,77.7,15.1,79.8
1041,13.13,77.7,15.09,79.8
1042,13.09,77.7,15.08,79.8
1043,13.07,77.6,15.07,79.8
1044,13.04,77.6,15.06,79.8
1045,13.02,77.6,15.05,79.8
1046,12.99,77.6,15.03,79.8
1047,12.97,77.5,15.02,79.7
1048,12.94,77.5,15.01,79.7
1049,12.89,77.4,15,79.7
1050,12.88,77.4,14.99,79.7
1051,12.87,77.4,14.98,79.7
1052,12.85,77.4,14.97,79.7
1053,12.85,77.4,14.96,79.7
1054,12.85,77.4,14.95,79.7
1055,12.82,77.4,14.94,79.7
1056,12.82,77.4,14.93,79.6
1057,12.78,77.3,14.92,79.6
1058,12.77,77.3,14.91,79.6
1059,12.73,77.3,14.9,79.6
1060,12.69,77.2,14.89,79.6
1061,12.66,77.2,14.87,79.6
1062,12.64,77.1,14.86,79.6
1063,12.62,77.1,14.85,79.6
1064,12.62,77.1,14.84,79.6
1065,12.6,77.1,14.83,79.5
1066,12.59,77.1,14.82,79.5
1067,12.62,77.1,14.81,79.5
1068,12.62,77.1,14.8,79.5
1069,12.59,77.1,14.79,79.5
1070,12.57,77.1,14.77,79.5
1071,12.55,77,14.76,79.5
1072,12.52,77,14.75,79.5
1073,12.48,77,14.74,79.5
1074,12.42,76.9,14.73,79.4
1075,12.38,76.8,14.72,79.4
1076,12.35,76.8,14.71,79.4
1077,12.32,76.8,14.69,79.4
1078,12.27,76.7,14.68,79.4
1079,12.2,76.6,14.67,79.4
1080,12.14,76.5,14.66,79.4
1081,12.11,76.5,14.64,79.4
1082,12.07,76.5,14.63,79.3
1083,12.05,76.4,14.62,79.3
1084,12.01,76.4,14.6,79.3
1085,11.96,76.3,14.59,79.3
1086,11.92,76.3,14.58,79.3
1087,11.88,76.2,14.56,79.3
1088,11.82,76.1,14.55,79.3
1089,11.77,76.1,14.54,79.2
1090,11.71,76,14.52,79.2
1091,11.67,75.9,14.51,79.2
1092,11.65,75.9,14.49,79.2
1093,11.61,75.9,14.48,79.2
1094,11.56,75.8,14.47,79.2
1095,11.53,75.8,14.45,79.2
1096,11.49,75.7,14.44,79.1
1097,11.47,75.7,14.42,79.1
1098,11.44,75.6,14.41,79.1
1099,11.39,75.6,14.39,79.1
1100,11.34,75.5,14.38,79.1
1101,11.29,75.4,14.36,79.1
1102,11.25,75.4,14.34,79
1103,11.19,75.3,14.33,79
1104,11.1,75.2,14.31,79
1105,11.02,75.1,14.3,79
1106,10.96,75,14.28,79
1107,10.9,74.9,14.26,79
1108,10.84,74.8,14.25,78.9
1109,10.8,74.8,14.23,78.9
1110,10.77,74.7,14.21,78.9
1111,10.73,74.7,14.19,78.9
1112,10.68,74.6,14.18,78.9
1113,10.64,74.5,14.16,78.9
1114,10.62,74.5,14.14,78.8
1115,10.6,74.5,14.12,78.8
1116,10.58,74.5,14.11,78.8
1117,10.54,74.4,14.09,78.8
1118,10.49,74.3,14.07,78.8
1119,10.44,74.3,14.05,78.7
1120,10.38,74.2,14.03,78.7
1121,10.32,74.1,14.01,78.7
1122,10.26,74,14,78.7
1123,10.2,73.9,13.98,78.7
1124,10.15,73.8,13.96,78.6
1125,10.09,73.7,13.94,78.6
1126,10.03,73.6,13.92,78.6
1127,9.98,73.6,13.9,78.6
1128,9.93,73.5,13.88,78.6
1129,9.87,73.4,13.86,78.5
1130,9.79,73.3,13.84,78.5
1131,9.72,73.2,13.82,78.5
1132,9.65,73,13.8,78.5
1133,9.59,73,13.78,78.4
1134,9.52,72.8,13.76,78.4
1135,9.47,72.8,13.73,78.4
1136,9.4,72.6,13.71,78.4
1137,9.32,72.5,13.69,78.3
1138,9.25,72.4,13.67,78.3
1139,9.18,72.3,13.65,78.3
1140,9.11,72.2,13.62,78.3
1141,9.02,72,13.6,78.2
1142,8.92,71.8,13.58,78.2
1143,8.84,71.7,13.55,78.2
1144,8.76,71.6,13.53,78.2
1145,8.68,71.4,13.5,78.1
1146,8.6,71.3,13.48,78.1
1147,8.52,71.1,13.46,78.1
1148,8.43,71,13.43,78.1
1149,8.34,70.8,13.4,78
1150,8.25,70.6,13.38,78
1151,8.17,70.5,13.35,78
1152,8.07,70.3,13.33,77.9
1153,7.99,70.2,13.3,77.9
1154,7.9,70,13.27,77.9
1155,7.82,69.8,13.25,77.8
1156,7.73,69.6,13.22,77.8
1157,7.63,69.4,13.19,77.8
1158,7.54,69.3,13.16,77.8
1159,7.45,69.1,13.13,77.7
1160,7.36,68.9,13.1,77.7
1161,7.27,68.7,13.08,77.7
1162,7.19,68.5,13.05,77.6
1163,7.11,68.4,13.02,77.6
1164,7.03,68.2,12.99,77.6
1165,6.94,68,12.96,77.5
1166,6.84,67.8,12.93,77.5
1167,6.75,67.6,12.89,77.4
1168,6.66,67.4,12.86,77.4
1169,6.57,67.1,12.83,77.4
1170,6.47,66.9,12.8,77.3
1171,6.38,66.7,12.77,77.3
1172,6.29,66.5,12.74,77.3
1173,6.2,66.2,12.7,77.2
1174,6.12,66,12.67,77.2
1175,6.04,65.8,12.64,77.1
1176,5.97,65.7,12.6,77.1
1177,5.89,65.5,12.57,77.1
1178,5.82,65.3,12.54,77
1179,5.77,65.1,12.5,77
1180,5.85,65.3,12.47,76.9
